name,start,end,n_days,ann_ret_pct,ann_vol_pct,sharpe,max_dd_pct,t_stat,exposure_pct,n_trades,trades_per_yr,win_rate_pct,avg_trade_pct,profit_factor,total_cost_pct,slippage_pts
buy_hold,1998-07-22,2026-07-31,6956,9.8,23.14,0.424,-67.59,2.8,100.0,1,0.0,100.0,1403.663,,3.75,0.0
buy_hold,1998-07-22,2026-07-31,6956,9.5,23.14,0.41,-67.8,2.74,100.0,1,0.0,100.0,1287.418,,11.79,1.0
buy_hold,1998-07-22,2026-07-31,6956,9.2,23.14,0.397,-68.01,2.67,100.0,1,0.0,100.0,1180.131,,19.83,2.0
ma_20_60_ls,1998-07-22,2026-07-31,6956,3.23,23.03,0.14,-59.69,1.36,99.1,128,4.4,36.7,1.464,1.47,5.18,0.0
ma_20_60_ls,1998-07-22,2026-07-31,6956,2.84,23.03,0.123,-60.61,1.27,99.1,128,4.4,35.9,1.371,1.44,16.31,1.0
ma_20_60_ls,1998-07-22,2026-07-31,6956,2.44,23.03,0.106,-63.26,1.19,99.1,128,4.4,35.9,1.278,1.4,27.44,2.0
ma_20_60_lo,1998-07-22,2026-07-31,6956,8.44,15.41,0.548,-29.93,3.25,60.3,64,2.2,51.6,4.812,3.13,2.87,0.0
ma_20_60_lo,1998-07-22,2026-07-31,6956,8.22,15.41,0.533,-30.07,3.17,60.3,64,2.2,50.0,4.722,3.08,8.87,1.0
ma_20_60_lo,1998-07-22,2026-07-31,6956,7.99,15.41,0.519,-30.22,3.1,60.3,64,2.2,50.0,4.631,3.02,14.87,2.0
ma_5_20_ls,1998-07-22,2026-07-31,6956,-0.57,23.15,-0.025,-79.7,0.49,99.7,419,14.5,32.0,0.137,1.07,8.49,0.0
ma_5_20_ls,1998-07-22,2026-07-31,6956,-1.19,23.14,-0.051,-82.23,0.34,99.7,419,14.5,31.7,0.092,1.05,26.73,1.0
ma_5_20_ls,1998-07-22,2026-07-31,6956,-1.81,23.14,-0.078,-84.45,0.2,99.7,419,14.5,31.7,0.048,1.02,44.96,2.0
ma_50_200_ls,1998-07-22,2026-07-31,6956,0.08,22.64,0.004,-81.99,0.63,97.1,40,1.4,35.0,1.848,1.29,4.12,0.0
ma_50_200_ls,1998-07-22,2026-07-31,6956,-0.22,22.64,-0.01,-83.21,0.56,97.1,40,1.4,35.0,1.611,1.25,12.93,1.0
ma_50_200_ls,1998-07-22,2026-07-31,6956,-0.53,22.64,-0.023,-84.34,0.49,97.1,40,1.4,35.0,1.374,1.21,21.75,2.0
ma_50_200_lo,1998-07-22,2026-07-31,6956,6.28,16.31,0.385,-34.77,2.45,65.7,20,0.7,55.0,11.624,4.12,2.52,0.0
ma_50_200_lo,1998-07-22,2026-07-31,6956,6.09,16.31,0.374,-34.91,2.39,65.7,20,0.7,55.0,11.334,4.0,7.7,1.0
ma_50_200_lo,1998-07-22,2026-07-31,6956,5.9,16.31,0.362,-35.2,2.33,65.7,20,0.7,55.0,11.045,3.88,12.88,2.0
donchian_20_10_ls,1998-07-22,2026-07-31,6956,2.38,20.28,0.117,-52.68,1.17,76.0,231,8.0,37.2,0.493,1.25,5.43,0.0
donchian_20_10_ls,1998-07-22,2026-07-31,6956,1.97,20.28,0.097,-54.77,1.06,76.0,231,8.0,37.2,0.452,1.22,17.08,1.0
donchian_20_10_ls,1998-07-22,2026-07-31,6956,1.56,20.27,0.077,-56.78,0.96,76.0,231,8.0,37.2,0.411,1.2,28.74,2.0
donchian_55_20_ls,1998-07-22,2026-07-31,6956,2.89,19.2,0.151,-53.46,1.32,64.1,97,3.3,45.4,1.324,1.47,3.53,0.0
donchian_55_20_ls,1998-07-22,2026-07-31,6956,2.62,19.2,0.137,-54.51,1.24,64.1,97,3.3,45.4,1.254,1.44,11.11,1.0
donchian_55_20_ls,1998-07-22,2026-07-31,6956,2.35,19.2,0.123,-55.54,1.17,64.1,97,3.3,45.4,1.185,1.41,18.69,2.0
tsmom_60_ls,1998-07-22,2026-07-31,6956,2.36,23.03,0.102,-62.36,1.17,99.1,325,11.2,31.4,0.469,1.31,7.4,0.0
tsmom_60_ls,1998-07-22,2026-07-31,6956,1.8,23.03,0.078,-65.01,1.04,99.1,325,11.2,30.8,0.417,1.27,23.3,1.0
tsmom_60_ls,1998-07-22,2026-07-31,6956,1.24,23.03,0.054,-67.47,0.91,99.1,325,11.2,30.8,0.366,1.24,39.19,2.0
tsmom_120_ls,1998-07-22,2026-07-31,6956,0.54,22.88,0.024,-77.49,0.74,98.3,268,9.2,31.0,0.351,1.22,6.82,0.0
tsmom_120_ls,1998-07-22,2026-07-31,6956,0.03,22.88,0.001,-78.87,0.62,98.3,268,9.2,30.2,0.293,1.18,21.59,1.0
tsmom_120_ls,1998-07-22,2026-07-31,6956,-0.48,22.88,-0.021,-80.17,0.5,98.3,268,9.2,29.1,0.235,1.14,36.35,2.0
tsmom_250_ls,1998-07-22,2026-07-31,6956,0.69,22.58,0.031,-77.42,0.77,96.4,179,6.2,34.1,0.481,1.28,5.73,0.0
tsmom_250_ls,1998-07-22,2026-07-31,6956,0.26,22.58,0.012,-79.63,0.67,96.4,179,6.2,33.0,0.408,1.24,18.12,1.0
tsmom_250_ls,1998-07-22,2026-07-31,6956,-0.17,22.58,-0.007,-81.62,0.57,96.4,179,6.2,31.3,0.334,1.19,30.51,2.0
rsi2_lo,1998-07-22,2026-07-31,6956,4.0,8.08,0.495,-16.29,2.83,11.0,189,6.5,70.4,0.631,2.27,2.35,0.0
rsi2_lo,1998-07-22,2026-07-31,6956,3.83,8.08,0.474,-16.84,2.72,11.0,189,6.5,70.4,0.616,2.23,7.13,1.0
rsi2_lo,1998-07-22,2026-07-31,6956,3.66,8.08,0.452,-17.39,2.61,11.0,189,6.5,69.8,0.601,2.18,11.9,2.0
rsi2_ls,1998-07-22,2026-07-31,6956,2.26,10.29,0.22,-34.14,1.45,17.8,279,9.6,67.0,0.278,1.34,3.8,0.0
rsi2_ls,1998-07-22,2026-07-31,6956,1.97,10.3,0.192,-35.57,1.3,17.8,279,9.6,67.0,0.261,1.31,11.89,1.0
rsi2_ls,1998-07-22,2026-07-31,6956,1.69,10.3,0.164,-36.97,1.15,17.8,279,9.6,66.7,0.243,1.29,19.99,2.0
boll_20_2_ls,1998-07-22,2026-07-31,6956,-0.25,11.38,-0.022,-55.58,0.19,18.1,89,3.1,70.8,0.068,1.04,1.66,0.0
boll_20_2_ls,1998-07-22,2026-07-31,6956,-0.38,11.38,-0.033,-56.18,0.13,18.1,89,3.1,70.8,0.04,1.02,5.22,1.0
boll_20_2_ls,1998-07-22,2026-07-31,6956,-0.5,11.38,-0.044,-56.76,0.07,18.1,89,3.1,70.8,0.013,1.01,8.79,2.0
tom_1_3,1998-07-22,2026-07-31,6956,3.79,10.66,0.356,-28.39,2.17,19.4,337,11.6,58.8,0.379,1.38,3.77,0.0
tom_1_3,1998-07-22,2026-07-31,6956,3.5,10.66,0.329,-28.71,2.03,19.4,337,11.6,58.8,0.367,1.37,11.84,1.0
tom_1_3,1998-07-22,2026-07-31,6956,3.22,10.66,0.302,-29.13,1.89,19.4,337,11.6,58.8,0.355,1.36,19.91,2.0
foreign_z60_ls,1998-07-22,2026-07-31,6956,-0.36,7.9,-0.045,-33.03,-0.03,9.6,63,2.2,47.6,-0.047,0.97,0.63,0.0
foreign_z60_ls,1998-07-22,2026-07-31,6956,-0.39,7.9,-0.049,-33.06,-0.05,9.6,63,2.2,47.6,-0.06,0.96,1.45,1.0
foreign_z60_ls,1998-07-22,2026-07-31,6956,-0.41,7.9,-0.052,-33.09,-0.07,9.6,63,2.2,47.6,-0.073,0.95,2.26,2.0
foreign_level_ls,1998-07-22,2026-07-31,6956,-3.33,7.98,-0.417,-67.25,-2.07,10.4,24,0.8,33.3,-2.778,0.15,0.41,0.0
foreign_level_ls,1998-07-22,2026-07-31,6956,-3.35,7.98,-0.42,-67.28,-2.08,10.4,24,0.8,33.3,-2.796,0.15,0.98,1.0
foreign_level_ls,1998-07-22,2026-07-31,6956,-3.37,7.98,-0.422,-67.32,-2.1,10.4,24,0.8,33.3,-2.814,0.15,1.55,2.0
foreign_level_lo,1998-07-22,2026-07-31,6956,0.24,0.72,0.34,-1.42,1.85,0.5,12,0.4,41.7,0.603,4.6,0.1,0.0
foreign_level_lo,1998-07-22,2026-07-31,6956,0.24,0.71,0.334,-1.47,1.81,0.5,12,0.4,41.7,0.596,4.49,0.24,1.0
foreign_level_lo,1998-07-22,2026-07-31,6956,0.23,0.71,0.327,-1.53,1.78,0.5,12,0.4,41.7,0.59,4.39,0.38,2.0
pcr_oi_ls,1998-07-22,2026-07-31,6956,4.06,17.31,0.234,-61.73,1.7,61.5,530,18.3,45.8,0.308,1.32,7.84,0.0
pcr_oi_ls,1998-07-22,2026-07-31,6956,3.49,17.31,0.201,-63.75,1.53,61.5,530,18.3,45.8,0.286,1.29,23.81,1.0
pcr_oi_ls,1998-07-22,2026-07-31,6956,2.92,17.31,0.169,-65.67,1.36,61.5,530,18.3,45.7,0.265,1.27,39.77,2.0
basis_z120_ls,1998-07-22,2026-07-31,6956,8.97,13.61,0.659,-27.89,3.77,29.9,1007,34.7,58.3,0.275,1.49,12.09,0.0
basis_z120_ls,1998-07-22,2026-07-31,6956,8.0,13.61,0.588,-28.65,3.41,29.9,1007,34.7,57.5,0.26,1.46,37.97,1.0
basis_z120_ls,1998-07-22,2026-07-31,6956,7.04,13.61,0.518,-29.4,3.06,29.9,1007,34.7,56.9,0.246,1.43,63.85,2.0
basis_z120_nodiv_ls,1998-07-22,2026-07-31,6956,4.66,10.74,0.434,-26.09,2.57,17.2,664,22.9,56.3,0.225,1.41,7.93,0.0
basis_z120_nodiv_ls,1998-07-22,2026-07-31,6956,4.05,10.74,0.377,-27.16,2.28,17.2,664,22.9,55.4,0.211,1.38,24.88,1.0
basis_z120_nodiv_ls,1998-07-22,2026-07-31,6956,3.44,10.74,0.32,-28.26,1.98,17.2,664,22.9,55.1,0.197,1.35,41.83,2.0
mtx_retail_z120_ls,1998-07-22,2026-07-31,6956,-0.11,3.89,-0.029,-17.9,-0.05,2.3,71,2.4,49.3,-0.019,0.97,0.53,0.0
mtx_retail_z120_ls,1998-07-22,2026-07-31,6956,-0.14,3.89,-0.036,-18.17,-0.09,2.3,71,2.4,49.3,-0.025,0.97,1.26,1.0
mtx_retail_z120_ls,1998-07-22,2026-07-31,6956,-0.16,3.89,-0.042,-18.43,-0.12,2.3,71,2.4,49.3,-0.03,0.96,1.98,2.0
overnight_long,1998-07-22,2026-07-31,6956,6.73,14.55,0.463,-56.93,2.8,100.0,6955,240.0,53.8,0.0316,,77.94,0.0
overnight_long,1998-07-22,2026-07-31,6956,0.75,14.56,0.052,-78.51,0.67,100.0,6955,240.0,52.1,0.0076,,245.0,1.0
overnight_long,1998-07-22,2026-07-31,6956,-4.89,14.57,-0.336,-93.5,-1.46,100.0,6955,240.0,50.7,-0.0165,0.0,412.06,2.0
intraday_short,1998-07-22,2026-07-31,6956,-6.16,18.4,-0.335,-88.02,-1.36,100.0,6955,240.0,48.1,-0.0194,0.0,77.94,0.0
intraday_short,1998-07-22,2026-07-31,6956,-11.42,18.4,-0.62,-97.69,-3.05,100.0,6955,240.0,47.2,-0.0434,0.0,245.0,1.0
intraday_short,1998-07-22,2026-07-31,6956,-16.38,18.4,-0.89,-99.56,-4.74,100.0,6955,240.0,46.1,-0.0675,0.0,412.06,2.0
