date,TXF_外資及陸資,TXF_投信,TXF_自營商,MXF_外資及陸資,MXF_投信,MXF_自營商
2023-08-01,326,-117,-5328,1183,203,-981
2023-08-02,-5327,-359,-5586,-9737,211,-2212
2023-08-04,-1384,-238,-4942,-9048,211,-1889
2023-08-07,1990,250,-5588,1475,207,412
2023-08-08,-367,497,-4534,-5007,202,-1671
2023-08-09,1897,566,-5323,-4164,205,-531
2023-08-10,-3874,762,-3465,-6574,203,-1687
2023-08-11,-1115,722,-4873,-3215,184,-3833
2023-08-14,-11208,1034,-1869,-10202,156,-5251
2023-08-15,-3582,-259,-5042,-103,159,-4529
2023-08-16,-2370,50,-4314,-4634,132,-9524
2023-08-17,946,287,-3648,-4523,115,-8402
2023-08-18,-774,128,-3757,-10442,115,-9973
2023-08-21,-6087,211,-4472,-8116,110,-8968
2023-08-22,-5076,195,-4305,-6025,102,-9043
2023-08-23,-3006,540,-5105,6128,102,-5578
2023-08-24,-1638,1278,-4444,623,110,-4275
2023-08-25,-11836,1444,-3322,-10680,102,-7835
2023-08-28,-8290,1813,-3863,-2505,101,-6608
2023-08-29,-4856,1956,-3669,-1863,101,-2153
2023-08-30,-6694,1629,-3055,96,102,-669
2023-08-31,-8451,953,-1753,-6287,100,-1727
2023-09-01,-6106,960,-2978,-2324,107,-1511
2023-09-04,-3490,1218,-2584,6053,107,-1136
2023-09-05,-6230,1138,-1293,-1623,105,-1696
2023-09-06,-5132,1022,-1741,-5841,105,-1059
2023-09-07,-3110,789,-1857,-8531,105,-3699
2023-09-08,-3887,1173,-2426,-5243,109,-3862
2023-09-11,-6601,1400,-2245,-12909,106,-4216
2023-09-12,-1123,1638,-3733,-2687,152,-1070
2023-09-13,-667,2083,-3154,-3712,158,-5
2023-09-14,1936,2559,-3974,10554,159,5991
2023-09-15,-1469,1949,-2151,4339,162,7204
2023-09-18,-6811,2344,-510,-7875,166,1388
2023-09-19,-8399,2009,-125,-11139,165,-1471
2023-09-20,-6165,2234,-1466,-9612,159,-6108
2023-09-21,-13203,2643,-842,-20238,163,-6100
2023-09-22,-10613,2834,-808,-13891,159,-5562
2023-09-25,-5037,3195,-2075,-3851,157,-3156
2023-09-26,-6116,2774,-414,-10487,157,-3499
2023-09-27,-8249,2783,-304,-10702,159,-3973
2023-09-28,-10084,3012,172,-9150,160,-3132
2023-10-02,-7012,3555,-958,-904,165,-1565
2023-10-03,-9837,3335,767,-12425,159,-567
2023-10-04,-8471,2889,-314,-15030,159,-2860
2023-10-05,-2594,3169,-1033,-4103,160,2176
2023-10-06,-4058,3339,-915,-2908,161,2819
2023-10-11,-4032,3789,-369,1437,165,4986
2023-10-12,-877,3814,-666,707,168,6151
2023-10-13,-468,3718,648,-6201,167,4184
2023-10-16,-1420,3218,523,-11360,183,699
2023-10-17,-1226,3352,-975,-8863,187,-840
2023-10-18,-8166,1377,-1614,-4306,169,-9997
2023-10-19,-5306,1606,-2379,-2048,163,-10153
2023-10-20,-4579,1847,-2483,-3356,162,-10188
2023-10-23,-10479,1889,-2331,-10229,163,-11231
2023-10-24,-11897,2394,-2401,-4995,153,-10215
2023-10-25,-8177,2594,-2514,-738,156,-8929
2023-10-26,-12384,2184,-1955,-15481,156,-8867
2023-10-27,-9142,2343,-1724,-3128,156,-7824
2023-10-30,-12483,2386,-1304,-4320,156,-6717
2023-10-31,-15297,2108,-637,-13574,156,-9167
2023-11-01,-13396,2892,-1028,-5747,156,-8031
2023-11-02,-3904,3621,-2246,8746,158,-5156
2023-11-03,662,3966,-2685,9871,161,-4900
2023-11-06,5672,4996,-3689,13767,161,-5303
2023-11-07,7942,5359,-3964,17097,161,-5750
2023-11-08,5468,5541,-2347,17247,165,-3088
2023-11-09,5085,5419,-2268,18001,161,-2153
2023-11-10,8721,4814,-1577,18570,164,-2289
2023-11-13,3132,4950,-1089,11327,155,-3583
2023-11-14,5238,4559,-4532,13775,156,-3410
2023-11-15,5590,3894,-5807,6472,156,276
2023-11-16,5469,4587,-5649,5495,154,-140
2023-11-17,3897,5150,-5100,5769,154,-586
2023-11-20,1877,5685,-4566,1184,154,18
2023-11-21,2450,6686,-4854,9724,158,833
2023-11-22,-6348,7020,-2589,106,157,-737
2023-11-23,-2439,7579,-2594,3213,157,-1284
2023-11-24,-4240,7701,-1457,1292,157,-134
2023-11-27,-1356,7176,-2978,-1475,154,-1532
2023-11-28,-149,7536,-2906,8692,150,-10
2023-11-29,-4478,7730,-1810,-324,150,341
2023-11-30,-3608,8801,-2569,4176,154,-294
2023-12-01,-832,8830,-2825,6612,154,-1236
2023-12-04,-4353,8493,-1674,-702,154,-1065
2023-12-05,-5906,8549,-1598,-6200,183,-2581
2023-12-06,-6349,7664,-1571,-4063,183,-1858
2023-12-07,-7320,7423,-869,-7926,182,-1809
2023-12-08,-5568,7904,-2308,-120,184,-2812
2023-12-11,-7881,8619,-1227,-3441,180,-525
2023-12-12,-9496,8241,-534,-5463,182,1098
2023-12-13,-10159,8528,-1134,-3415,187,-434
2023-12-14,-9355,8802,-584,3431,188,2343
2023-12-15,-8253,7616,-1657,2447,198,2235
2023-12-18,-12100,8365,-844,-2699,190,1197
2023-12-19,-17223,7836,1959,-8072,188,-220
2023-12-20,-11465,7994,-1486,6193,190,1331
2023-12-21,-17563,8321,-982,-5151,188,-3835
2023-12-22,-15750,8534,-904,-4288,188,-3017
2023-12-25,-14288,8770,-900,-1097,184,-1793
2023-12-26,-11895,8841,-2195,6281,184,327
2023-12-27,-12235,9937,-966,9748,190,3064
2023-12-28,-13618,10268,-525,6212,189,638
2023-12-29,-16712,10190,986,2031,190,2021
2024-01-02,-17429,10029,1441,-4767,192,832
2024-01-03,-24035,8811,595,-14231,201,-4624
2024-01-04,-20470,8763,-959,-4903,197,-4941
2024-01-05,-19682,8501,186,-6516,193,-4131
2024-01-08,-18791,8720,419,-4441,194,-4097
2024-01-09,-24260,9195,524,-8762,196,-4164
2024-01-10,-24555,8429,-85,-10141,194,-7112
2024-01-11,-25309,9081,678,-4406,198,-4060
2024-01-12,-26404,8504,1285,-7712,199,-8457
2024-01-15,-21768,7460,695,-2518,187,-5463
2024-01-16,-17248,3928,-1463,-4747,194,-10783
2024-01-17,-14532,2830,-1741,-7756,202,-12095
2024-01-18,-13650,3150,-2150,-1124,203,-12889
2024-01-19,-2613,3691,-964,13860,205,-6597
2024-01-22,-6854,4081,821,6953,246,-6094
2024-01-23,-1447,3895,-1163,13416,214,-5044
2024-01-24,-483,3227,-2015,14272,222,-4038
2024-01-25,3388,3180,-1801,14509,202,-449
2024-01-26,4431,3101,-2743,15068,202,16
2024-01-29,3375,3031,-2009,19667,201,1946
2024-01-30,874,3155,-1844,10638,200,752
2024-01-31,-1526,2869,-2598,4080,195,-2052
2024-02-01,-3521,2992,-2497,7429,189,-1763
2024-02-02,-6136,3057,-2016,11143,190,-1371
2024-02-05,-5494,3293,-1575,9423,194,-241
2024-02-15,-2653,3546,-2784,14534,198,4205
2024-02-16,-6703,3990,-2186,9889,201,1839
2024-02-19,-3471,4142,-3097,13949,200,2844
2024-02-20,2742,4213,-4210,18128,196,2500
2024-02-21,2421,4225,-6023,1537,196,-2784
2024-02-22,3085,4280,-6346,5392,198,-1357
2024-02-23,4146,4774,-5836,319,198,-1325
2024-02-26,6151,4275,-6346,5907,199,-197
2024-02-27,3799,5343,-6455,-2458,198,-712
2024-02-29,3622,5732,-6369,4615,202,745
2024-03-01,-1493,7331,-6442,-193,202,1157
2024-03-04,3987,7010,-6602,11246,203,5511
2024-03-05,3331,6686,-6049,5852,203,4900
2024-03-06,3333,6189,-5056,10074,205,7090
2024-03-07,3055,5924,-5357,5114,205,6283
2024-03-08,-1566,4842,-4214,-2765,205,4817
2024-03-11,-6557,4562,-4280,2108,203,2600
2024-03-12,-8109,4544,-3599,7405,203,5788
2024-03-13,-9132,4555,-2517,4421,200,4442
2024-03-14,-8598,4403,-2605,7451,204,2041
2024-03-15,-11698,3819,-925,-345,202,-2
2024-03-18,-10404,3789,-1933,5393,197,1937
2024-03-19,-10976,4799,-2073,2952,185,784
2024-03-20,-4788,4863,-6250,3603,183,-4519
2024-03-21,4132,4997,-6289,11803,185,-918
2024-03-22,-5442,5241,-5533,1119,181,-2732
2024-03-25,-5186,5176,-6278,3441,181,-3771
2024-03-26,-6476,4592,-6301,2511,183,-4459
2024-03-27,-3340,4842,-7448,5022,195,-852
2024-03-28,-5729,4998,-5927,-2095,203,-234
2024-03-29,-754,6319,-7217,2980,203,951
2024-04-01,-4323,6910,-5930,-1894,192,2763
2024-04-02,3312,7954,-8622,11605,201,4210
2024-04-03,-7466,7730,-6772,-1845,207,2592
2024-04-08,-5854,8002,-7476,5987,210,3257
2024-04-09,5164,8361,-9258,12010,211,7026
2024-04-10,-1710,8306,-7214,818,215,7360
2024-04-11,-12964,8551,-5988,-1988,215,3419
2024-04-12,-12009,8733,-5093,-1768,224,3625
2024-04-15,-17803,8827,-4433,-7746,222,-2136
2024-04-16,-18386,9206,-3310,-10377,226,-8935
2024-04-17,-17952,9068,-2650,6630,267,-11529
2024-04-18,-14700,9114,-2328,6518,346,-8875
2024-04-19,-19777,9799,-1438,-4007,336,-15259
2024-04-22,-16400,10164,-2855,665,294,-15411
2024-04-23,-12505,10709,-5069,8906,271,-16307
2024-04-24,-13333,11376,-3592,13852,302,-11406
2024-04-25,-17160,11346,-3276,-271,222,-13000
2024-04-26,-13888,12068,-3751,12903,224,-10903
2024-04-29,-15041,12617,-3431,16462,319,-6968
2024-04-30,-13735,12690,-3768,12153,313,-8719
2024-05-02,-17541,12815,-3220,6046,241,-9802
2024-05-03,-19457,12885,-2350,3956,241,-8217
2024-05-06,-18758,13111,-1931,8975,242,-5945
2024-05-07,-19225,13370,-2490,8666,242,-6816
2024-05-08,-15603,13504,-3996,14285,242,-5458
2024-05-09,-17216,13294,-3535,7005,128,-7229
2024-05-10,-14869,13252,-4191,16712,119,-4058
2024-05-13,-14517,13487,-3562,6952,115,-2634
2024-05-14,-10044,12654,-4868,12733,45,-2258
2024-05-15,-3481,12541,-7863,8314,48,-2719
2024-05-16,-8488,11490,-7030,2655,49,-3886
2024-05-17,-9648,10605,-6882,1895,50,-5295
2024-05-20,-9254,10176,-6517,-2076,51,-4296
2024-05-21,-8235,10267,-7413,-984,99,-4843
2024-05-22,-5663,10891,-6937,7098,99,-1615
2024-05-23,-8725,10972,-6281,3518,139,-2800
2024-05-24,-8402,10909,-6314,636,141,-2729
2024-05-27,-9297,11121,-6120,3906,145,-1125
2024-05-28,-10160,11846,-6432,3300,144,-1039
2024-05-29,-15465,11464,-4931,-9164,143,-4498
2024-05-30,-14412,11080,-4789,-8594,143,-6040
2024-05-31,-14059,11131,-4000,-11401,139,-5579
2024-06-03,-16699,12386,-4873,-4118,137,-2765
2024-06-04,-19089,12172,-4980,-15037,134,-3532
2024-06-05,-16446,12239,-6830,-10337,136,-1362
2024-06-06,-10528,11986,-7990,-3263,136,1714
2024-06-07,-10606,11449,-6675,-9405,136,3618
2024-06-11,-15850,11525,-5600,-12382,137,3811
2024-06-12,-11139,11862,-6789,-1740,145,8152
2024-06-13,-13318,12280,-6090,-6793,150,7967
2024-06-14,-12855,12449,-6879,-6457,147,8800
2024-06-17,-13192,12433,-6893,-11983,153,8720
2024-06-18,-12938,12931,-7477,-8665,162,9543
2024-06-19,-11596,13338,-7864,5961,169,2325
2024-06-20,-16528,13930,-7520,-2569,178,3157
2024-06-21,-20148,13223,-7011,-3586,174,2125
2024-06-24,-21147,12982,-6168,-9867,170,1306
2024-06-25,-23113,13365,-4457,-11473,173,4079
2024-06-26,-25652,14100,-5613,-3214,180,2414
2024-06-27,-24402,14192,-5255,-4075,180,1918
2024-06-28,-26509,15326,-5390,-4587,178,3313
2024-07-01,-25944,16085,-5815,-4229,184,2658
2024-07-02,-24975,16121,-6104,-4469,182,1783
2024-07-03,-25460,17765,-7109,3307,191,7163
2024-07-04,-25626,18689,-7745,2837,193,7718
2024-07-05,-28498,19159,-6730,-3197,193,7835
2024-07-08,-29432,19863,-6806,3386,266,8623
2024-07-09,-34785,21430,-5494,-4861,289,8281
2024-07-10,-33628,21967,-6889,1226,296,10230
2024-07-11,-35249,22681,-7055,-635,309,11363
2024-07-12,-40329,22890,-4984,-3937,308,5772
2024-07-15,-36218,20795,-5825,-1971,296,8816
2024-07-16,-37134,21216,-6029,1180,312,8832
2024-07-17,-34842,20903,-1874,-4214,311,-15628
2024-07-18,-43033,21518,-1427,-6601,312,-16212
2024-07-19,-37237,21580,-1153,-4602,308,-15771
2024-07-22,-40239,21697,-750,-6604,308,-16331
2024-07-23,-32825,22470,-2342,-39,305,-14468
2024-07-26,-37411,22852,-1441,-9085,305,-13660
2024-07-29,-36297,22794,-2047,-7531,309,-13531
2024-07-30,-39033,22936,-2051,-10582,310,-12858
2024-07-31,-37129,22949,-2699,-7586,304,-14400
2024-08-01,-41342,24736,-2508,-10160,304,-14167
2024-08-02,-45100,23916,-128,-10976,304,-15671
2024-08-05,-39446,23299,1667,-2093,273,-11876
2024-08-06,-35525,25240,-1138,3061,262,-10389
2024-08-07,-31932,26839,-2331,-4235,265,-13379
2024-08-08,-31809,26708,-1344,-10175,263,-11921
2024-08-09,-32006,27974,-2139,-3291,263,-12324
2024-08-12,-34712,28006,-1761,-7260,220,-13603
2024-08-13,-35894,28448,-2468,-6891,203,-13259
2024-08-14,-33209,28450,-2317,-5095,74,-14237
2024-08-15,-33152,26920,-1264,-8023,72,-15544
2024-08-16,-34952,27475,-1794,-7493,73,-13969
2024-08-19,-34655,27572,-797,-9921,73,-16763
2024-08-20,-35638,27449,-176,-10120,73,-16304
2024-08-21,-37001,26536,-1372,-2780,71,-9634
2024-08-22,-33090,26096,-780,-3894,63,-10776
2024-08-23,-34860,26203,382,-1288,63,-10071
2024-08-26,-36989,26792,18,860,64,-11282
2024-08-27,-37502,26279,928,-1553,136,-12168
2024-08-28,-37243,26895,-73,3014,139,-10638
2024-08-29,-36971,25716,128,-4244,136,-12269
2024-08-30,-39554,25801,-686,-2230,135,-10241
2024-09-02,-40452,25147,100,-3254,128,-11192
2024-09-03,-37243,24079,340,-1469,127,-11162
2024-09-04,-30917,22426,1203,2925,125,-10346
2024-09-05,-25669,22480,-29,4498,125,-9636
2024-09-06,-27531,23141,-295,1585,128,-9422
2024-09-09,-28097,23305,1168,2895,132,-10016
2024-09-10,-26965,24000,431,3855,129,-10235
2024-09-11,-27727,24354,422,2589,131,-9157
2024-09-12,-30370,24606,559,6801,132,-9255
2024-09-13,-31780,24697,1018,5513,136,-9138
2024-09-16,-32276,24402,378,4292,131,-8166
2024-09-18,-30477,24831,414,-1444,129,-6630
2024-09-19,-30264,26248,-601,-496,136,-4827
2024-09-20,-31945,25567,-1683,1046,136,-6008
2024-09-23,-35862,25524,-1807,316,133,-7638
2024-09-24,-31749,25281,-1810,5932,135,-6556
2024-09-25,-34290,25517,-1942,6382,133,-7270
2024-09-26,-37081,25632,-1532,3626,134,-7059
2024-09-27,-36237,25284,-1408,1270,134,-7849
2024-09-30,-37202,24731,-824,2222,128,-9273
2024-10-01,-39479,24890,-759,3561,125,-8483
2024-10-04,-37000,24631,-1131,5893,124,-7678
2024-10-07,-42146,25275,-353,4244,125,-7454
2024-10-08,-41090,25408,8,3239,123,-6917
2024-10-09,-40450,25522,-620,4320,124,-6830
2024-10-11,-41849,25562,-693,6810,130,-6394
2024-10-14,-39071,25532,-1351,10522,141,-7441
2024-10-15,-39049,25596,-2264,8492,156,-6417
2024-10-16,-32317,22640,-1472,-1747,134,-8758
2024-10-17,-34416,23141,-2219,-4081,138,-7296
2024-10-18,-28759,23557,-4376,790,137,-9280
2024-10-21,-33579,22824,-3100,-3755,143,-10670
2024-10-22,-34905,22967,-2142,1148,157,-10213
2024-10-23,-36095,22535,-894,-4258,155,-10438
2024-10-24,-35511,22060,-378,-2803,136,-10455
2024-10-25,-37492,22403,-669,690,136,-10359
2024-10-28,-40342,22300,-243,541,136,-10403
2024-10-29,-40874,22655,741,-978,121,-9220
2024-10-30,-38775,22819,-397,3934,121,-9634
2024-11-01,-39276,23682,-112,4270,121,-9482
2024-11-04,-39117,24483,-515,7103,122,-8894
2024-11-05,-41306,25152,-469,5101,123,-8546
2024-11-06,-44625,25535,858,3787,125,-8883
2024-11-07,-45946,25700,706,5202,128,-8160
2024-11-08,-42828,25380,-111,4857,129,-7411
2024-11-11,-51698,25578,2250,-1036,129,-8793
2024-11-12,-49505,25257,2669,-312,128,-9465
2024-11-13,-44794,25595,1840,4463,127,-8691
2024-11-14,-47248,26144,2759,2147,123,-9112
2024-11-15,-45184,25996,1465,5478,148,-9943
2024-11-18,-46583,26447,1587,5070,139,-11037
2024-11-19,-41369,27020,-1791,4754,139,-10959
2024-11-20,-41885,26704,-1013,-5875,139,-8918
2024-11-21,-43707,26844,-1272,-4681,136,-9237
2024-11-22,-38202,26921,-3269,3023,137,-7316
2024-11-25,-46343,26682,-2744,-2797,137,-9125
2024-11-26,-48462,25817,-1395,-3732,137,-9526
2024-11-27,-45338,25736,-719,-1663,136,-10215
2024-11-28,-47260,26981,-973,-489,135,-10056
2024-11-29,-44859,27152,-713,-938,135,-9670
2024-12-02,-37509,27583,-2326,1212,135,-8375
2024-12-03,-38835,28156,-3224,4350,135,-7660
2024-12-04,-38787,27656,-2011,468,137,-7301
2024-12-05,-38208,27339,-1550,-1707,136,-7238
2024-12-06,-36183,26809,-1818,189,135,-7670
2024-12-09,-37578,26472,-1666,-1159,135,-7634
2024-12-10,-37390,26097,-884,-654,133,-9014
2024-12-11,-39968,25939,251,-4168,131,-9701
2024-12-12,-39415,26271,-204,-1805,142,-9543
2024-12-13,-42161,26251,169,-240,143,-10087
2024-12-16,-41070,26235,-445,1066,146,-10424
2024-12-17,-39762,26323,-1757,3376,149,-9569
2024-12-18,-34718,26323,-1803,-610,149,-4464
2024-12-19,-38603,25074,-923,-3178,146,-4780
2024-12-20,-36563,25332,-1070,-5497,144,-4821
2024-12-23,-32946,25919,-4228,7660,142,-3835
2024-12-24,-36050,25747,-2959,3084,140,-3922
2024-12-25,-36873,25847,-2582,3450,142,-3384
2024-12-26,-38683,25898,-2137,349,142,-3551
2024-12-27,-36465,26043,-2918,3166,142,-2295
2024-12-30,-39253,25668,-1819,-3164,140,-2228
2024-12-31,-41764,25494,-888,-348,144,-2387
2025-01-02,-43256,25451,936,-3719,118,-4551
2025-01-03,-39974,25676,-760,3512,121,-4252
2025-01-06,-32862,26518,-2917,5515,124,751
2025-01-07,-30346,25803,-3358,7262,125,-216
2025-01-08,-37452,25345,-1457,-3206,122,-2567
2025-01-09,-41000,24937,-294,-3857,127,-5719
2025-01-10,-41948,25247,-404,-4122,128,-5724
2025-01-13,-43359,25924,882,-6991,126,-8854
2025-01-14,-42434,26344,1191,-4680,126,-8565
2025-01-15,-39417,26258,1157,-3322,123,-8993
2025-01-16,-36211,24557,-483,2710,126,-7962
2025-01-17,-31863,24454,-1059,693,149,-7969
2025-01-20,-34721,24382,-50,-2270,156,-7563
2025-01-21,-33695,24480,-723,1029,148,-6620
2025-01-22,-32126,24508,-748,5452,151,-5551
2025-02-03,-36490,24468,913,-4306,154,-7542
2025-02-04,-34065,24675,219,647,155,-7073
2025-02-05,-31808,24966,-858,845,157,-7082
2025-02-06,-30996,24689,-1322,1910,156,-6613
2025-02-07,-29862,24619,-2268,3790,156,-6016
2025-02-10,-30961,24018,-170,670,154,-7243
2025-02-11,-31339,23793,-55,2109,155,-6865
2025-02-12,-31214,24647,-52,2944,155,-6264
2025-02-13,-31464,24549,-203,4903,149,-6559
2025-02-14,-35307,24900,940,-649,149,-9658
2025-02-17,-29484,24066,-1380,7302,151,-6415
2025-02-18,-28912,23537,-1414,7571,147,-4744
2025-02-19,-24751,22972,-2549,735,142,-5510
2025-02-20,-24533,23921,-2067,-2625,141,-6537
2025-02-21,-25255,24640,-2875,860,144,-4042
2025-02-24,-31679,23308,-1419,-518,143,-5391
2025-02-25,-35332,23041,-719,-1578,143,-5892
2025-02-26,-35013,23532,-1010,-1437,145,-4090
2025-02-27,-36719,24758,-485,-3737,141,-6605
2025-03-03,-46555,26308,1504,-6074,137,-8099
2025-03-04,-44023,27143,1187,-3958,138,-8456
2025-03-05,-40914,27535,-744,-1868,138,-6007
2025-03-06,-40485,27636,336,-5008,136,-8945
2025-03-07,-40458,27061,1078,-6454,135,-10057
2025-03-10,-42626,27259,2094,-2742,135,-9225
2025-03-11,-45697,27999,3012,-5641,132,-6738
2025-03-12,-43409,29063,1595,-1648,134,-5633
2025-03-13,-41732,29782,957,13,131,-7705
2025-03-14,-41877,29941,1457,814,132,-7511
2025-03-17,-39562,30273,-201,579,133,-7016
2025-03-18,-39200,30084,-987,3420,139,-7281
2025-03-19,-36396,29591,340,-3120,139,-9523
2025-03-20,-33162,29665,-1608,4856,135,-7527
2025-03-21,-35588,29319,-394,-721,139,-9333
2025-03-24,-36061,29264,-131,-2645,139,-9697
2025-03-25,-31880,29424,-1692,117,138,-8576
2025-03-26,-33016,29306,-1092,954,141,-9496
2025-03-27,-36414,29064,-959,-3392,139,-10934
2025-03-28,-36697,28876,-165,-5353,138,-11001
2025-03-31,-29313,29165,-975,-2012,142,-11123
2025-04-01,-29385,30206,-1227,-33,144,-7108
2025-04-02,-24285,29800,-1591,405,141,-5382
2025-04-07,-25151,29800,-1852,-3455,141,-6723
2025-04-08,-30077,27656,932,-1537,141,-6905
2025-04-09,-27871,27325,2358,-1523,145,-9046
2025-04-10,-22650,27305,996,9462,145,-7462
2025-04-11,-23548,32631,-1477,8223,154,-7695
2025-04-14,-23883,32933,-963,4133,166,-9932
2025-04-15,-22398,33679,-1558,9663,162,-8225
2025-04-16,-28725,33403,1171,-5176,162,-3779
2025-04-17,-29870,34555,1009,-2699,164,-3454
2025-04-18,-29062,34556,1009,-5052,160,-3048
2025-04-21,-26570,33866,574,-5496,156,-2748
2025-04-22,-27131,30219,1274,-3956,158,-4350
2025-04-23,-27745,33116,551,3380,158,453
2025-04-24,-27358,33273,692,272,154,-159
2025-04-25,-23698,34144,-134,-533,154,161
2025-04-28,-24770,34006,263,-1762,155,-794
2025-04-29,-25366,34436,529,-877,155,-811
2025-04-30,-22730,34366,-283,1626,188,313
2025-05-02,-22913,35356,-1605,6194,172,1513
2025-05-05,-26159,35835,-339,-4279,171,-83
2025-05-06,-31157,36389,942,2398,154,-1784
2025-05-07,-30643,36413,894,2743,153,-624
2025-05-08,-30020,37693,-28,5685,153,984
2025-05-09,-33271,39172,-968,5747,153,1968
2025-05-12,-36747,40849,-1080,1310,141,1248
2025-05-13,-36513,42243,-2952,3793,129,2529
2025-05-14,-36283,43188,-3700,9109,132,3460
2025-05-15,-37208,43056,-3327,7495,133,3637
2025-05-16,-37207,43050,-3164,7337,130,4038
2025-05-19,-37713,42459,-2820,1676,129,2794
2025-05-20,-37844,43208,-2814,1909,133,2268
2025-05-21,-38846,44099,-1471,6878,136,-2646
2025-05-22,-40656,43122,-965,-487,140,-3102
2025-05-23,-40117,42227,-658,373,138,-3552
2025-05-26,-41757,41809,1582,-1505,136,-3940
2025-05-27,-43507,40894,2853,-3890,135,-4927
2025-05-28,-43204,41096,2575,1179,134,-6009
2025-05-29,-47014,39820,3199,-1657,132,-6373
2025-06-02,-45393,37720,3792,-527,129,-6709
2025-06-03,-39470,36465,2684,6085,126,-4946
2025-06-04,-37165,37993,2071,7327,137,-2960
2025-06-05,-37098,39392,1702,6028,142,-3438
2025-06-06,-38541,38086,1869,3337,143,-3262
2025-06-09,-38587,38330,2078,2818,149,-3118
2025-06-10,-37131,39446,-120,5821,149,-2069
2025-06-11,-35730,39524,-182,7608,151,-1713
2025-06-12,-38976,39982,557,4087,152,-3309
2025-06-13,-42000,39359,3454,720,154,-4730
2025-06-16,-41036,36790,3975,3070,171,-5518
2025-06-17,-41401,37314,4951,3864,221,-5529
2025-06-18,-45050,38324,5300,924,223,-2113
2025-06-19,-45386,37594,5876,-5070,238,-3209
2025-06-20,-44461,37452,6088,-3437,229,-3391
2025-06-23,-43797,38633,6993,-4483,245,-4167
2025-06-24,-43493,40134,5454,-1,281,-2745
2025-06-25,-45816,41845,5717,-2085,300,-1949
2025-06-26,-48788,41972,7215,-2944,301,-3023
2025-06-27,-52681,44048,9299,-2287,305,-3052
2025-06-30,-52001,45361,8720,1692,351,-2902
2025-07-01,-52517,46848,6815,3329,363,-3147
2025-07-02,-54946,47654,7462,845,366,-2013
2025-07-03,-51157,49037,5835,4045,368,-1515
2025-07-04,-55211,48511,7432,-3824,375,-3032
2025-07-07,-56788,47917,7150,-2991,375,-3598
2025-07-08,-57530,49239,7788,-2957,386,-4873
2025-07-09,-58711,50219,6916,835,389,-3441
2025-07-10,-56368,50378,5902,2015,390,-1905
2025-07-11,-57492,51973,5633,3568,398,-844
2025-07-14,-59873,51311,6706,-2633,354,-2001
2025-07-15,-55352,51473,5735,2247,319,-394
2025-07-16,-53396,51864,3791,5664,323,2140
2025-07-17,-52217,50419,3619,2900,326,3068
2025-07-18,-48010,45555,3497,-625,322,2409
2025-07-21,-46556,43653,4309,-2333,318,2135
2025-07-22,-44594,41618,3507,-3550,314,594
2025-07-23,-47841,40856,3726,238,321,1553
2025-07-24,-47930,40484,4272,-578,323,2410
2025-07-25,-47417,39210,4472,-2821,316,1651
2025-07-28,-44979,37560,4703,-986,321,2020
2025-07-29,-40876,34660,3584,-999,322,592
2025-07-30,-37831,33115,3386,4651,318,1409
2025-07-31,-33644,32294,2717,3504,315,2353
2025-08-01,-39537,31686,4649,1542,338,28
2025-08-04,-39080,32723,4403,2299,336,-326
2025-08-05,-35329,32885,2942,9854,313,1387
2025-08-06,-36380,31641,4018,4155,311,922
2025-08-07,-34789,32180,2177,12799,308,3178
2025-08-08,-37590,31566,3175,4420,294,2922
2025-08-11,-35575,30146,3163,7349,293,3490
2025-08-12,-35302,29872,3751,6321,293,3492
2025-08-13,-33570,29334,3168,8386,272,3953
2025-08-14,-34379,28628,4136,4190,272,2921
2025-08-15,-34207,25638,4353,3162,262,2813
2025-08-18,-29626,25620,3397,7377,214,4545
2025-08-19,-32633,25176,4331,3533,208,719
2025-08-20,-35143,23750,6099,-1725,204,-7089
2025-08-21,-30387,23611,4884,6122,205,-4994
2025-08-22,-26735,23205,3504,9214,203,-5226
2025-08-25,-25609,23511,3789,6891,205,-3325
2025-08-26,-27132,23146,4754,3416,200,-4586
2025-08-27,-24771,23162,3106,7997,194,-3857
2025-08-28,-26087,22716,5034,3612,187,-4775
2025-08-29,-26309,22956,4047,5322,187,-5003
2025-09-01,-26664,22433,4049,2225,184,-6202
2025-09-02,-24295,22133,3100,3472,183,-6241
2025-09-03,-24788,21881,4136,1785,176,-5213
2025-09-04,-23503,21671,3874,2742,179,-5096
2025-09-05,-21304,21819,3080,9902,176,-3270
2025-09-08,-21999,22045,2727,9749,180,-2609
2025-09-09,-18792,22452,1938,8282,181,-1721
2025-09-10,-17813,22383,950,12978,183,-405
2025-09-11,-16317,22145,1004,9432,183,-1487
2025-09-12,-18558,21854,2044,9277,176,-593
2025-09-15,-18896,20164,3128,6402,161,-2230
2025-09-16,-18244,20485,3123,5865,154,-439
2025-09-17,-18862,20275,1689,-1740,148,-984
2025-09-18,-18552,19984,1878,699,146,1116
2025-09-19,-17603,19464,2038,-139,137,-1688
2025-09-22,-17239,19547,1431,1828,141,-1088
2025-09-23,-16200,19879,1200,3939,142,-200
2025-09-24,-19917,19897,2073,-2665,138,-1958
2025-09-25,-21779,19741,2764,-147,137,-2654
2025-09-26,-25119,19416,3907,-5022,132,-4571
2025-09-30,-21930,19867,2509,-94,130,-3166
2025-10-01,-22349,20043,2234,787,130,-2854
2025-10-02,-23187,20254,2286,3591,132,-320
2025-10-03,-20852,19893,1720,6913,123,523
2025-10-07,-23701,20516,1598,2794,128,-1142
2025-10-08,-30405,20305,3348,-1897,126,-2823
2025-10-09,-28752,20554,2153,2195,130,-1032
2025-10-13,-33061,21315,4225,-1556,128,-5697
2025-10-14,-27444,21354,1589,1686,128,-7059
2025-10-15,-21671,21851,-543,4354,133,-690
2025-10-16,-22035,21882,-306,1788,134,-1984
2025-10-17,-25586,21804,1083,2641,129,-4990
2025-10-20,-25251,22309,-39,6186,129,-3890
2025-10-21,-23282,22304,-1042,7488,131,-2612
2025-10-22,-26095,20277,596,1423,130,-3931
2025-10-23,-24307,19711,982,719,128,-4186
2025-10-27,-24211,20495,-849,3078,127,-2138
2025-10-28,-27454,20221,505,-1155,124,-3357
2025-10-29,-24421,20887,-685,4351,124,-1842
2025-10-30,-24746,20933,-751,4054,124,-1621
2025-10-31,-22936,21119,-1387,3030,122,-649
2025-11-03,-27880,21003,554,3786,120,-1259
2025-11-04,-27842,20619,380,5458,117,-2745
2025-11-05,-32088,20869,2717,1815,117,-6767
2025-11-06,-29917,21173,398,5739,127,-7265
2025-11-07,-30820,20839,1512,2221,126,-7505
2025-11-10,-30589,21414,952,3864,116,-7042
2025-11-11,-31530,21221,1888,102,116,-6397
2025-11-12,-29964,21678,277,4620,116,-5958
2025-11-13,-31514,21724,1813,2409,117,-5213
2025-11-14,-34595,22363,2630,2111,114,-8762
2025-11-17,-31526,21935,779,6317,112,-6210
2025-11-18,-35047,22507,3726,4430,114,-10428
2025-11-19,-31047,23191,1847,-2592,117,-13236
2025-11-20,-24167,24102,-464,4409,111,-11324
2025-11-21,-33208,24038,2209,-4394,107,-15032
2025-11-24,-31186,24199,958,448,108,-14750
2025-11-25,-29704,24346,1,-1465,108,-12239
2025-11-26,-28657,24461,-359,2167,110,-11896
2025-11-27,-27961,25054,-1453,6207,111,-10914
2025-11-28,-26321,24887,-1502,6515,113,-10612
2025-12-01,-29032,24512,-17,1017,113,-11762
2025-12-02,-28363,24099,-357,2759,111,-12825
2025-12-03,-29224,24023,248,2580,113,-12069
2025-12-04,-29439,24112,385,2675,113,-12725
2025-12-05,-26823,24286,-919,7917,116,-12496
2025-12-08,-27463,24473,-974,7541,116,-12151
2025-12-09,-31427,24326,457,1024,116,-12279
2025-12-10,-28629,24909,-1130,5475,119,-12487
2025-12-11,-31008,24502,395,-770,119,-14375
2025-12-12,-29032,24236,-218,3298,114,-14500
2025-12-15,-33686,24139,1567,595,111,-17110
2025-12-16,-34213,24997,1674,1511,112,-20358
2025-12-17,-29032,25180,-79,-3653,102,-11644
2025-12-18,-28731,25526,-1344,1994,102,-14370
2025-12-19,-24428,26089,-2870,3267,105,-13220
2025-12-22,-25852,27317,-3616,6031,107,-12979
2025-12-23,-25441,27801,-4216,5795,105,-12166
2025-12-24,-24484,28274,-5045,2517,105,-11491
2025-12-26,-23476,28814,-6309,4838,110,-11708
2025-12-29,-22173,27952,-6449,4879,110,-9990
2025-12-30,-26259,27180,-3442,465,108,-10957
2025-12-31,-25059,26696,-3018,3162,109,-8774
2026-01-02,-23154,27036,-3751,7346,111,-8019
2026-01-05,-25101,27493,-4480,5421,116,-7247
2026-01-06,-29520,27517,-2431,936,119,-7025
2026-01-07,-29422,26981,-2081,634,118,-9218
2026-01-08,-26047,26831,-3377,2507,118,-8020
2026-01-09,-26583,26553,-3190,1190,111,-7403
2026-01-12,-26892,26428,-2457,305,114,-7702
2026-01-13,-30117,26316,-1429,-792,114,-9347
2026-01-14,-33957,26052,-216,200,116,-12851
2026-01-15,-35130,26511,-552,4675,116,-14458
2026-01-16,-33249,26997,-117,6574,117,-14498
2026-01-19,-33726,27194,156,6919,112,-13766
2026-01-20,-32675,26970,483,6657,99,-14663
2026-01-21,-24473,23890,-2925,-1005,93,-7221
2026-01-22,-24293,24120,-3226,1841,94,-7192
2026-01-23,-22666,24763,-4346,4622,95,-5771
2026-01-26,-26527,25438,-2555,2120,95,-7808
2026-01-27,-25318,25767,-2836,4856,93,-7915
2026-01-28,-27932,26462,-2577,5317,97,-10511
2026-01-29,-32702,26385,-828,275,95,-14195
2026-01-30,-32670,25567,-396,355,94,-17768
2026-02-02,-27673,25400,211,1699,87,-16449
2026-02-03,-26496,26179,-768,2721,88,-15152
2026-02-04,-25699,26441,-297,6434,88,-17130
2026-02-05,-26743,26085,2476,1503,87,-19280
2026-02-06,-25102,25859,1271,4585,87,-17951
2026-02-09,-23585,26848,-657,5616,87,-17859
2026-02-10,-24884,28187,-2774,8068,83,-17423
2026-02-11,-27665,28915,-1871,7669,84,-17990
2026-02-23,-30852,29243,-3445,-1339,84,-7604
2026-02-24,-29372,30179,-4240,2437,85,-6646
2026-02-25,-35753,31037,-3390,-77,84,-8981
2026-02-26,-36168,31248,-3829,867,85,-9512
2026-03-02,-41274,31445,-1788,5023,83,-13678
2026-03-03,-40421,30693,60,1517,80,-16451
2026-03-04,-41633,30549,5071,2859,77,-22002
2026-03-05,-41134,32091,3400,6472,80,-19834
2026-03-06,-38930,32366,2920,7691,80,-19419
2026-03-09,-40462,33407,5003,3982,81,-16700
2026-03-10,-36856,35033,3096,3445,82,-16357
2026-03-11,-40958,36571,2130,6576,86,-16827
2026-03-12,-43064,36356,4533,2052,82,-17991
2026-03-13,-40347,36596,5409,3304,78,-17809
2026-03-16,-38512,35340,5656,2410,79,-17945
2026-03-17,-36158,36290,2956,4278,80,-16111
2026-03-18,-34549,37001,-3127,3385,79,-3900
2026-03-19,-40825,36307,1178,971,76,-7117
2026-03-20,-36366,36660,-586,5253,75,-5291
2026-03-23,-37717,37461,-54,-1540,72,-3508
2026-03-24,-34108,37781,-788,3671,72,-1116
2026-03-25,-35947,39029,-2479,4055,76,-1606
2026-03-26,-37065,38484,-1772,2934,72,-628
2026-03-27,-39919,38169,-944,-392,72,-1077
2026-03-30,-37282,37470,200,257,67,-170
2026-03-31,-37214,37655,620,-919,64,-793
2026-04-01,-31373,38915,-3550,4503,74,1526
2026-04-02,-34855,38013,-735,-1255,68,-1087
2026-04-07,-31350,38276,-2301,4045,73,460
2026-04-08,-32478,40284,-5910,5736,75,960
2026-04-09,-33399,39954,-4603,166,75,135
2026-04-10,-34403,40546,-6295,2122,74,-2199
2026-04-13,-35996,39733,-7324,987,75,-739
2026-04-14,-36664,41195,-9208,2043,78,-334
2026-04-15,-36783,42245,-7403,-524,81,-3855
2026-04-16,-39683,42625,-6778,1426,83,-3957
2026-04-17,-41151,42292,-5468,-935,82,-6108
2026-04-20,-42618,42102,-4264,2002,77,-5591
2026-04-21,-41295,42905,-5203,4081,77,-5031
2026-04-22,-42555,41752,-4400,1334,77,-5281
2026-04-23,-44027,41309,-3118,-864,76,-4747
2026-04-24,-40633,41727,-4962,3667,79,-2594
2026-04-27,-44223,42645,-3792,90,79,-3454
2026-04-28,-45869,42573,-2708,-1777,76,-3221
2026-04-29,-47074,42195,-1317,1629,75,-3184
2026-04-30,-44044,42317,-1539,4534,78,-2924
2026-05-04,-43504,44106,-1964,4591,74,-2429
2026-05-05,-48687,44209,-848,2166,73,-3670
2026-05-06,-50967,45098,-1237,20,75,-4421
2026-05-07,-51132,46177,-1034,58,73,-4514
2026-05-08,-54530,46307,-500,1526,71,-5259
2026-05-11,-54225,46609,26,686,71,-5328
2026-05-12,-53072,44865,-384,2490,71,-5443
2026-05-13,-52760,44587,383,3815,69,-5408
2026-05-14,-51068,43116,622,3504,71,-3984
2026-05-15,-50963,41738,734,4206,67,-5638
2026-05-18,-44996,39723,1550,4123,55,-6148
2026-05-19,-45376,38642,2612,2725,2,-8453
2026-05-20,-42744,38983,2448,-38,0,-8602
2026-05-21,-44454,40713,1255,3434,5,-7415
2026-05-22,-46483,42047,929,2792,9,-6930
2026-05-25,-51458,43018,1728,510,15,-8400
2026-05-26,-54391,43336,1993,-2807,15,-10961
2026-05-27,-56302,45273,1661,1340,9,-9874
2026-05-28,-58196,44767,3884,-360,5,-10421
2026-05-29,-60650,46926,2074,322,12,-9334
2026-06-01,-64673,48419,2456,-2249,11,-10546
2026-06-02,-67018,49765,2564,-3310,11,-11305
2026-06-03,-66772,51304,2474,-427,14,-10613
2026-06-04,-69476,51858,3219,-3562,12,-12372
2026-06-05,-69146,52160,4807,-1051,8,-14572
2026-06-08,-65501,53874,5446,3858,-1,-13847
2026-06-09,-61871,55253,4077,3754,4,-14010
2026-06-10,-61949,54186,4853,6698,0,-13633
2026-06-11,-63168,55312,4155,4930,0,-15220
2026-06-12,-65039,57111,3568,5734,7,-15542
2026-06-15,-66734,57702,2618,2919,12,-16429
2026-06-16,-69847,56894,2219,933,12,-17172
2026-06-17,-67394,57083,72,-2345,14,-8081
2026-06-18,-68337,58597,63,2185,19,-7876
2026-06-22,-70290,61196,-563,3381,22,-6499
2026-06-23,-76502,60180,930,-3553,20,-8002
2026-06-24,-83605,60757,3277,882,19,-9370
2026-06-25,-81051,60921,3003,1615,19,-8098
2026-06-26,-76391,61247,4641,-268,13,-6807
2026-06-29,-76627,62962,2415,4532,15,-5813
2026-06-30,-83063,66623,1571,2785,27,-5661
2026-07-01,-84168,67194,1592,3132,33,-6678
2026-07-02,-84487,66410,3683,418,33,-8028
2026-07-03,-81052,67213,3071,2566,34,-7909
2026-07-06,-80087,67254,2670,1903,34,-7110
2026-07-07,-80042,68187,3793,1630,36,-8861
2026-07-08,-81268,69987,3311,-419,38,-8572
2026-07-09,-80730,71689,2243,4280,43,-8894
2026-07-13,-81066,71794,1270,7030,51,-8399
2026-07-14,-83390,73873,2352,5038,48,-11974
2026-07-15,-79557,75646,-664,561,50,-8420
2026-07-16,-84453,76264,657,-1501,49,-9496
2026-07-17,-86189,75215,4666,-2233,38,-9581
2026-07-20,-78337,72446,2974,-1107,29,-9374
2026-07-21,-78490,75570,1203,3154,35,-8679
2026-07-22,-76595,75623,1139,423,32,-7967
2026-07-23,-75198,75492,739,853,32,-8533
2026-07-24,-76260,73838,2258,-3225,28,-9253
2026-07-27,-78699,74111,1891,-1176,28,-9473
2026-07-28,-82255,74886,2588,-3100,21,-8477
2026-07-29,-82785,74742,2552,-731,11,-6274
2026-07-30,-81017,75857,1996,2063,11,-6170
2026-07-31,-82515,85325,-2377,-1178,31,-6240
